"country","sftgcode","forecast.year","mean.p","rf.p","threat.p","harff.p","year","imr.normed.ln","mev.regac.ln","postcw","cou.tries5d","pol.cat.fl2","pol.cat.fl3","pol.cat.fl7","pol.durable.ln","gdppcgrow.sr","mev.civtot.ln","ios.iccpr1","wdi.popsize.ln","coup.p","cwar.p","reg.eap","reg.eur","reg.mna","reg.sca","reg.amr","pol.cat.pitf2","pol.cat.pitf3","pol.cat.pitf4","pol.cat.pitf5","pol.cat.pitf6","dis.l4pop.ln","pitf.p","mkl.ever","pit.sftpuhvl2.10.ln","pol.autoc","elc.eliti","elc.elethc","wdi.trade.ln","reg.afr","mkl.ongoing","countryage.ln","pol.cat.fl1","elf.ethnicc1","elf.ethnicc2","elf.ethnicc3","elf.ethnicc9","elc.eleth1","elc.eleth2","date"
"Myanmar","MYA",2015,0.13200234400787,0.025,0.0311745955058149,0.339832436517795,2014,0.828365907447505,3.04452243772342,1,0,1,0,0,1.38629436111989,2.77244539416017,1.6094379124341,0,10.8829224213459,0.0494074408083783,0.0644756359992787,1,0,0,0,0,0,0,0,0,0,3.15700042115011,0.0609571323213071,1,3.25809653802148,1,0,1,-1.17505192847049,0,1,4.20469261939097,0,0,1,0,0,1,0,2015-05-27
"Nigeria","NIG",2015,0.123420232802014,0.295,0.0513527795162951,0.0239079188897466,2014,1.32898599077526,2.39789527279837,1,0,1,0,0,2.77258872223978,2.51191512346343,1.6094379124341,0,12.0645974701591,0.0618758028216297,0.0977820855582202,0,0,0,0,0,0,0,1,0,0,1.62924053973028,0.076209531671571,1,2.99573227355399,0,0,0,3.43482208860613,1,1,4.00733318523247,0,0,0,1,0,0,0,2015-05-27
"Sudan","SUD",2015,0.0851627104498739,0.18,0.0629112975930784,0.0125768337565434,2014,1.03059518567848,3.04452243772342,1,1,1,0,0,1.38629436111989,1.84148399925358,1.94591014905531,0,10.5444016814855,0.158315015798372,0.0644304811877728,0,0,0,0,0,0,0,0,0,0,0,0.0196173999306731,1,0,1,1,1,3.246760836685,1,1,4.07753744390572,0,0,0,1,0,1,0,2015-05-27
"Egypt","EGY",2015,0.0535542870512347,0.119,0.0313388464042394,0.0103240147494648,2014,0.133212708187531,2.83321334405622,1,1,1,0,0,0.693147180559945,1.47071452897342,0.693147180559945,1,11.3151618265868,0.0767571014690972,0.0477227924286803,0,0,1,0,0,0,0,0,0,0,0,0.0191612010217105,0,2.70805020110221,1,1,1,3.74418567492321,0,1,4.12713438504509,0,1,0,0,0,1,0,2015-05-27
"Central African Republic","CEN",2015,0.0529452290084252,0.075,0.0442228233310638,0.0396128636942119,2014,1.55479840292926,2.484906649788,1,1,0,0,1,0,1.00519330060218,1.38629436111989,1,8.43737414206265,0.208106128871127,0.0353369682944568,0,0,0,0,0,0,0,0,0,1,0,0.0784788349773373,0,3.3322045101752,0,0,1,3.50948312408253,1,0,4.00733318523247,0,0,0,1,0,1,0,2015-05-27
"South Sudan","SSD",2015,0.0447381416905919,0.083,0.0304599130821724,0.0207545119896034,2014,1.24556330284733,2.94443897916644,1,0,0,0,1,0,2.33549683248457,1.6094379124341,0,9.33221927477156,0.0730551413105678,0.0478223612820271,0,0,0,0,0,0,0,0,0,1,0,0.059707870201304,1,0,0,0,1,4.1111221642277,1,1,1.38629436111989,0,0,0,0,1,0,1,2015-05-27
"Congo-Kinshasa","ZAI",2015,0.0415952192108057,0.044,0.0671563114029573,0.0136293462294598,2014,1.31621754780877,2.484906649788,1,1,1,0,0,2.19722457733622,3.01545806668052,1.94591014905531,1,11.1200854785577,0.143222702933425,0.0746139577682036,0,0,0,0,0,0,0,1,0,0,1.09861228866811,0.0665542612015934,1,3.29583686600433,0,0,0,4.31298277020023,1,1,4.00733318523247,0,0,0,1,0,0,0,2015-05-27
"Afghanistan","AFG",2015,0.0396182202901031,0.03,0.0697273994600596,0.0191272614102496,2014,1.78784323742629,2.94443897916644,1,0,1,0,0,0,1.23854850753011,1.38629436111989,0,10.3271747585159,0.131235169931307,0.0829015683704618,0,0,0,1,0,1,0,0,0,0,0,0.0853380459128212,1,3.68887945411394,1,0,0,4.01473071851829,0,0,4.56434819146784,0,0,0,1,0,0,0,2015-05-27
"Pakistan","PAK",2015,0.0391805399829252,0.014,0.0185479230303747,0.0849936969184008,2014,1.07514248154797,2.77258872223978,1,0,0,1,0,1.94591014905531,2.03434035564953,1.94591014905531,0,12.1125451428124,0.0432259156184266,0.0393672631098573,0,0,0,1,0,0,1,0,0,0,3.17805383034795,0.224573828235389,1,3.58351893845611,0,0,1,3.50097363086704,0,0,4.21950770517611,0,0,0,1,0,1,0,2015-05-27
"Yemen","YEM",2015,0.0374886120543537,0.054,0.0320752933940052,0.0263905427690561,2014,0.943894988419594,3.04452243772342,1,0,0,0,1,0,-0.434271169963122,1.38629436111989,0,10.1026408655374,0.0659257936357992,0.0544780275234809,0,0,1,0,0,0,0,0,0,1,0,0.0890494714572681,0,3.36729582998647,0,0,1,4.40764784895707,0,0,3.2188758248682,0,0,0,0,1,1,0,2015-05-27
"Somalia","SOM",2015,0.0316673404759456,0.044,0.0325011620368464,0.0185008593909905,2014,1.63027462724998,1.79175946922805,1,0,1,0,0,1.09861228866811,-1.21822645031301,1.79175946922805,1,9.2587097809739,0.115497361994634,0.0374219016137317,0,0,0,0,0,0,0,1,0,0,0,0.0700519644386453,1,3.61091791264422,0,0,0,3.86132220932247,1,0,4.00733318523247,0,0,0,1,0,0,0,2015-05-27
"Ethiopia","ETI",2015,0.0298986186136015,0.025,0.0290760275640064,0.0356198282767982,2014,1.04494151072601,1.79175946922805,1,0,1,0,0,2.30258509299405,3.21673881638395,0.693147180559945,0,11.4521213595476,0.054029861939309,0.0559698557234064,0,0,0,0,0,1,0,0,0,0,1.94591014905531,0.0755950618194342,1,3.17805383034795,1,0,1,3.72689214244328,1,0,7.65681009148038,0,0,0,1,0,0,1,2015-05-27
"Mali","MLI",2015,0.0293338564308978,0.016,0.058902163362358,0.0130994059303353,2014,1.67136021793708,2.19722457733622,1,1,1,0,0,0.693147180559945,2.61289098607994,0.693147180559945,1,9.63571594470313,0.216343133269072,0.0479811090779859,0,0,0,0,0,0,0,1,0,0,0,0.0697983985438128,0,2.484906649788,0,0,0,4.23419155129192,1,0,4.00733318523247,0,0,0,1,0,0,0,2015-05-27
"Bangladesh","BNG",2015,0.0275284906989195,0.009,0.0443711407517606,0.029214331344998,2014,0.845147047518017,3.09104245335832,1,0,1,0,0,0,2.47140947034148,0,0,11.9614178908847,0.0554072981709918,0.0891698851363938,0,0,0,1,0,0,1,0,0,0,2.484906649788,0.164940848610596,1,1.38629436111989,0,0,0,3.83506423966453,0,0,3.78418963391826,0,1,0,0,0,0,0,2015-05-27
"Iraq","IRQ",2015,0.0265884165645578,0.017,0.025914049910684,0.0368511997829893,2014,0.647779651095761,2.99573227355399,1,0,1,0,0,1.6094379124341,-1.54872180833841,1.6094379124341,0,10.4168342756588,0.053074658739458,0.0497389553720981,0,0,1,0,0,0,1,0,0,0,3.04452243772342,0.258265915474522,1,3.63758615972639,0,0,0,4.19990844871728,0,0,4.4188406077966,0,0,1,0,0,0,0,2015-05-27
"Burkina Faso","BFO",2015,0.0214368307110086,0.012,0.0415376172628147,0.0107728748702112,2014,1.36491006048565,2.70805020110221,1,1,1,0,0,2.63905732961526,2.0059724938069,0,1,9.73712825826839,0.116250993858237,0.0493235316466428,0,0,0,0,0,1,0,0,0,0,0,0.0575651815845982,0,0,1,0,0,4.04521003838395,1,0,4.00733318523247,0,0,0,1,0,0,0,2015-05-27
"Guinea","GUI",2015,0.0212884823766845,0.002,0.0361053406052438,0.0257601065248097,2014,1.03539274888318,2.70805020110221,1,1,1,0,0,0.693147180559945,0.630762780654382,0,1,9.37119898891756,0.139765478130504,0.0369443702368321,0,0,0,0,0,0,1,0,0,0,0,0.106136112051404,1,0,0,0,1,4.41961214017549,1,0,4.04305126783455,0,0,0,1,0,0,1,2015-05-27
"Chad","CHA",2015,0.0197408003607286,0.025,0.0205519651070029,0.0136704359751829,2014,1.52684288075768,2.19722457733622,1,0,1,0,0,3.13549421592915,2.62544837147976,0,1,9.45917615317006,0.0478056023379319,0.0411861784614103,0,0,0,0,0,1,0,0,0,0,0,0.0680525990393988,1,2.77258872223978,1,0,0,4.24302993473813,1,0,4.00733318523247,0,0,0,1,0,0,0,2015-05-27
"India","IND",2015,0.0181439990018362,0.024,0.019139566168356,0.0112924308371524,2014,0.789314407312772,2.70805020110221,1,0,0,1,0,4.17438726989564,2.67734490463971,2.07944154167984,0,14.0403643228293,0.0228784853392552,0.0635207862874076,0,0,0,1,0,0,0,1,0,0,0,0.0372624277865211,1,3.58351893845611,0,0,0,3.97563036837039,0,0,4.21950770517611,0,0,1,0,0,0,0,2015-05-27
"Ukraine","UKR",2015,0.0173463798837354,0.024,0.00795452375574714,0.020084615895459,2014,-0.884430518019851,1.94591014905531,1,1,1,0,0,3.17805383034795,-2.61345663813012,1.09861228866811,1,10.725239007384,0.035894876363295,0.0174200474868162,0,1,0,0,0,0,1,0,0,0,3.13549421592915,0.0831602823692758,0,1.6094379124341,0,0,1,4.62734957516973,0,0,3.17805383034795,0,0,1,0,0,1,0,2015-05-27
"Rwanda","RWA",2015,0.0170746154237374,0.009,0.0188261662564008,0.0233976800148113,2014,1.1111931951023,3.13549421592915,1,0,1,0,0,3.04452243772342,2.64713132814219,0,0,9.37386316743188,0.0373658785523327,0.0443063530577292,0,0,0,0,0,0,0,0,0,0,4.40671924726425,0.05756088176116,1,0,1,0,1,3.81539616973908,1,0,3.97029191355212,0,0,1,0,0,0,1,2015-05-27
"Iran","IRN",2015,0.0170473742815182,0.024,0.0182131596599772,0.00892896318457721,2014,0.687267066474246,3.46573590279973,1,0,0,0,0,2.39789527279837,1.72436677312902,0,0,11.2573512796503,0.0223166463600584,0.0611282541886561,0,0,1,0,0,0,0,0,0,0,2.60638654732571,0.0513070138212053,1,0,1,1,0,3.98373285143102,0,0,6.24222326545517,1,0,0,1,0,0,0,2015-05-27
"Cameroon","CAO",2015,0.0163753522107184,0.004,0.0173146002655556,0.0278114563665995,2014,1.03285513648348,2.70805020110221,1,0,1,0,0,3.13549421592915,2.26638258465959,0,1,10.0102752043505,0.0312322597296767,0.0456998295249039,0,0,0,0,0,1,0,0,0,0,3.04452243772342,0.0883556307635741,0,0,1,0,1,3.90332067745914,1,0,4.00733318523247,0,0,0,1,0,0,1,2015-05-27
"Libya","LIB",2015,0.0151070597219429,0.028,0.00518636705145036,0.0121348121143782,2014,-0.502280370992003,2.70805020110221,1,0,0,0,1,0,-4.9021382243103,0.693147180559945,1,8.73254986352717,0.0241903176649259,0.014269454487501,0,0,1,0,0,0,0,0,0,1,0,0.0301934075358709,1,2.83321334405622,0,0,1,4.55229638379138,0,0,4.15888308335967,0,0,0,1,0,1,0,2015-05-27
"Ivory Coast","IVO",2015,0.014758606058319,0.005,0.0219851601577666,0.0172906580171905,2014,1.12071309997796,2.70805020110221,1,0,1,0,0,1.38629436111989,2.73470821982994,0,1,9.91916826502893,0.0450055354043175,0.0463416570275269,0,0,0,0,0,0,1,0,0,0,0,0.112895261330799,1,3.13549421592915,0,0,0,4.51110551758017,1,0,4.00733318523247,0,0,0,1,0,0,0,2015-05-27
"Mauritania","MAA",2015,0.0141399628064234,0.01,0.0123833908336841,0.020036497585586,2014,1.05012796608937,2.19722457733622,1,0,1,0,0,1.79175946922805,2.53377873265758,0,0,8.26613358780762,0.053689333513193,0.0215387434522888,0,0,0,0,0,1,0,0,0,0,3.73766961828337,0.108482603843153,0,1.38629436111989,1,0,1,4.89548261780502,1,0,4.00733318523247,0,0,1,0,0,0,1,2015-05-27
"Uganda","UGA",2015,0.0139946661005994,0.004,0.0262728747207193,0.0117111235810789,2014,1.13162410259119,3.13549421592915,1,0,1,0,0,2.30258509299405,2.21305984909922,0,1,10.5341973629938,0.0364279816405564,0.0656605638267097,0,0,0,0,0,1,0,0,0,0,0,0.0463350207852276,1,1.6094379124341,1,0,0,3.92657670409274,1,0,3.97029191355212,0,0,0,1,0,0,0,2015-05-27
"Syria","SYR",2015,0.0119967271350595,0.016,0.00690636045676872,0.0130838209484097,2014,-0.216917751388519,2.89037175789616,1,0,0,0,0,1.09861228866811,1.85461704963633,1.94591014905531,0,10.0365116289976,0.0199282122332056,0.0224353385054685,0,0,1,0,0,0,0,0,0,0,4.31748811353631,0.0396217585455213,1,2.83321334405622,1,1,1,4.33698319003694,0,1,4.23410650459726,1,0,1,0,0,0,1,2015-05-27
"Tanzania","TAZ",2015,0.0116349658621755,0.004,0.0218648334887,0.0090400640978264,2014,0.801968435595222,3.13549421592915,1,0,1,0,0,2.99573227355399,2.6897786535648,0,0,10.8047281166672,0.0301112068192669,0.0609337965970565,0,0,0,0,0,1,0,0,0,0,0,0.0358369099004549,1,0,1,0,0,3.90172016305564,1,0,3.98898404656427,0,0,0,1,0,0,0,2015-05-27
"Angola","ANG",2015,0.011451209689537,0.002,0.0215156111274428,0.0108380179411681,2014,1.40560704718898,1.94591014905531,1,0,1,0,0,2.89037175789616,2.05468778191002,0,1,9.97448724900213,0.0494927188777195,0.0423311611133173,0,0,0,0,0,1,0,0,0,0,1.09861228866811,0.0810293430712912,1,0,1,0,0,4.56947846087456,1,0,3.68887945411394,0,0,0,1,0,0,0,2015-05-27
"Turkey","TUR",2015,0.0110100336604282,0.004,0.00359472896751391,0.0254353720137707,2014,-0.000765013448182112,2.94443897916644,1,0,0,1,0,3.46573590279973,1.70250611110869,0.693147180559945,1,11.224344868967,0.0104450486249137,0.0170711787381947,0,1,0,0,0,0,0,1,0,0,3.09104245335832,0.0569298901886117,1,3.43398720448515,0,0,1,4.05788822392997,0,0,4.52178857704904,0,0,1,0,0,1,0,2015-05-27
"Zimbabwe","ZIM",2015,0.0108640269228678,0.002,0.0103595382160352,0.0202325425525682,2014,0.302735168043061,1.94591014905531,1,0,1,0,0,0.693147180559945,1.7796924555301,0,0,9.55744502643687,0.042169642626951,0.0208880910891109,0,0,0,0,0,0,1,0,0,0,0.693147180559945,0.076594246857403,1,0,0,0,1,4.45956578339014,1,0,3.55534806148941,0,0,1,0,0,1,0,2015-05-27
"Haiti","HAI",2015,0.0106797130244178,0.006,0.0172252025025194,0.00881393657073404,2014,0.92426294766594,2.19722457733622,1,0,0,0,1,0,1.65826722507551,0,0,9.24159298163413,0.0588205401583571,0.0292346475294642,0,0,0,0,1,0,0,0,0,1,0,0.0344779423936518,1,3.04452243772342,0,0,0,4.26460142578811,0,0,5.35185813347607,0,1,0,0,0,0,0,2015-05-27
"Niger","NIR",2015,0.0104102441816238,0.003,0.0167177852074553,0.0115129473374162,2014,1.481187333428,2.19722457733622,1,1,0,1,0,1.38629436111989,2.62713939282194,0,1,9.78870893658754,0.121234742518186,0.0170828529948819,0,0,0,0,0,0,0,1,0,0,0,0.060408310692679,0,1.38629436111989,0,0,0,4.17030969035785,1,0,4.00733318523247,0,0,0,1,0,0,0,2015-05-27
"Sri Lanka","SRI",2015,0.0103508883005628,0.006,0.00406804870336096,0.0209846161983274,2014,-0.77685024550827,3.09104245335832,1,0,1,0,0,1.6094379124341,2.72029434924909,0,1,9.92735055280066,0.0101199432073692,0.0200102652896715,0,0,0,1,0,0,1,0,0,0,3.13549421592915,0.0582175742247646,1,2.89037175789616,0,1,1,3.99771803285586,0,0,3.76120011569356,0,0,1,0,0,1,0,2015-05-27
"Madagascar","MAG",2015,0.0103280038690235,0.007,0.00770931708389452,0.0162746945231759,2014,0.827697681542096,0,1,1,0,1,0,0,1.72428277099414,0,1,10.0399767976488,0.149604066106554,0.00622523177892573,0,0,0,0,0,0,1,0,0,0,0,0.11399335503854,0,1.09861228866811,0,0,0,4.29120348148005,1,0,4.00733318523247,0,0,0,1,0,0,0,2015-05-27
"Algeria","ALG",2015,0.00990028773852541,0.007,0.00983098041018575,0.0128698828053905,2014,0.103778842331787,2.77258872223978,1,0,1,0,0,2.39789527279837,2.03197777592047,0,1,10.5766410345469,0.0183051493411381,0.035239072837963,0,0,1,0,0,1,0,0,0,0,0,0.0414680663486856,1,0,0,1,1,4.14980073473912,0,0,3.97029191355212,0,0,1,0,0,1,0,2015-05-27
"Papua New Guinea","PNG",2015,0.00969699585060413,0.005,0.016754663414152,0.0073363241376604,2014,0.70430065487042,2.30258509299405,1,1,1,0,0,3.68887945411394,2.41482607115431,0,0,8.89853799646702,0.0785517658960984,0.0231691448309165,1,0,0,0,0,0,0,1,0,0,0,0.0571822226505434,1,0,0,0,0,4.87583003152001,0,0,3.68887945411394,0,1,0,0,0,0,0,2015-05-27
"Kyrgyzstan","KYR",2015,0.00952010756772762,0.006,0.00283555576245661,0.0197247669407263,2014,0.380950914438524,3.09104245335832,1,0,0,1,0,1.38629436111989,1.8975686293719,0,1,8.65165415185869,0.0184663121316371,0.0088307053568969,0,0,0,1,0,0,1,0,0,0,2.63905732961526,0.123243203388468,0,0,0,0,1,4.96344138275204,0,0,3.17805383034795,0,0,0,1,0,1,0,2015-05-27
"Guinea-Bissau","GNB",2015,0.00948149688748039,0.006,0.0112456177622336,0.0111988729002076,2014,1.53368541931673,2.70805020110221,1,1,0,1,0,0,1.59380858614509,0,1,7.44088334408046,0.153381107887487,0.00931120324134876,0,0,0,0,0,0,0,1,0,0,0,0.0601639347122253,0,1.38629436111989,0,0,0,4.21475595611133,1,0,3.71357206670431,0,0,0,1,0,0,0,2015-05-27
"China","CHN",2015,0.00944222593884237,0.009,0.0117562240035956,0.00757045381293148,2014,-0.438637364439528,3.04452243772342,1,0,0,0,0,4.18965474202643,2.71357764341669,0.693147180559945,0,14.1210669290929,0.00759775142019996,0.0793496199213585,1,0,0,0,0,0,0,0,0,0,0.76080582903376,0.0128696053136646,1,2.56494935746154,1,1,1,3.9172135327163,0,0,7.71244383427499,1,1,0,0,0,1,0,2015-05-27
"Thailand","THI",2015,0.00935243300305087,0.01,0.0157882181120879,0.00226908089706472,2014,-0.687808410985461,2.19722457733622,1,1,1,0,0,0,0.843103021143523,0.693147180559945,0,11.1126046323583,0.0691661385176703,0.0236863944402838,1,0,0,0,0,0,0,0,0,0,0,0.00949655543299062,0,3.2188758248682,1,0,0,4.96875780812093,0,0,6.49978704065585,0,0,0,1,0,0,0,2015-05-27
"Nepal","NEP",2015,0.00920394072509555,0.002,0.00570108830580024,0.0199107338694864,2014,0.72327750401523,3.09104245335832,1,0,0,1,0,2.19722457733622,2.34007040465379,0,1,10.2326998206745,0.0198208180340239,0.0182055413308893,0,0,0,1,0,0,1,0,0,0,0,0.0896452534216856,1,2.19722457733622,0,0,0,3.87563608374622,0,0,5.50938833662798,0,0,0,1,0,0,0,2015-05-27
"Russia","RUS",2015,0.00885476549907031,0.011,0.00487844746971816,0.0106858490274928,2014,-1.01902067192079,2.07944154167984,1,0,1,0,0,2.70805020110221,0.788635988338361,0.693147180559945,1,11.8740893455402,0.00988553352626499,0.0248697121409635,0,1,0,0,0,0,0,1,0,0,0.470003629245736,0.0149951184192089,1,2.83321334405622,0,0,1,3.92904596345959,0,0,3.17805383034795,0,1,0,0,0,1,0,2015-05-27
"Gambia","GAM",2015,0.00878138103712289,0.002,0.0197839068400121,0.00456023627135661,2014,1.20941298857282,2.70805020110221,1,1,1,0,0,2.89037175789616,-0.467157127676342,0,1,7.52255435688073,0.113713039442298,0.0215784310486567,0,0,0,0,0,0,0,0,0,0,0,0.0233100492502292,0,0,1,0,0,4.47507850782552,1,0,3.91202300542815,0,0,0,1,0,0,0,2015-05-27
"Cambodia","CAM",2015,0.00871241624245317,0,0.0155865556025164,0.0105506931248431,2014,0.962565079706093,2.30258509299405,1,0,1,0,0,2.83321334405622,2.63931591423024,0,0,9.62477638756461,0.0405809943439326,0.0338490443027375,1,0,0,0,0,1,0,0,0,0,1.38629436111989,0.102525584793206,1,0,0,0,0,4.93817787106728,0,0,4.12713438504509,0,1,0,0,0,0,0,2015-05-27
"Congo-Brazzaville","CON",2015,0.00868410015525979,0.005,0.0103364631596937,0.0107158373060856,2014,1.10698903518892,2.07944154167984,1,0,1,0,0,2.89037175789616,2.45374778427146,0,1,8.40012709869484,0.0382299687868815,0.0223095134219214,0,0,0,0,0,0,0,0,0,0,3.09104245335832,0.0466172611549002,1,0,1,0,1,4.96007459301296,1,0,4.00733318523247,0,0,0,1,0,1,0,2015-05-27
"Venezuela","VEN",2015,0.00862808246470555,0.008,0.00920571933595396,0.00867852805816269,2014,-0.0146362864811367,1.6094379124341,1,0,1,0,0,0.693147180559945,-1.99985537928772,0,1,10.3223691556218,0.0357865436763609,0.0205342747289947,0,0,0,0,1,0,1,0,0,0,0,0.0367461585936686,0,0,0,0,0,3.92006199061615,0,0,5.22035582507832,0,0,1,0,0,0,0,2015-05-27
"Bhutan","BHU",2015,0.00824076087316338,0.001,0.00610336260128168,0.0176189200182085,2014,0.658392645369653,3.09104245335832,1,0,1,0,0,1.94591014905531,2.5207800178079,0,0,6.62532207376019,0.0336668546511254,0.0135758704810272,0,0,0,1,0,1,0,0,0,0,3.58351893845611,0.0800120408652914,0,0,0,0,1,4.64169623906331,0,0,4.86753445045558,0,0,1,0,0,0,1,2015-05-27
"Togo","TOG",2015,0.00787394896316013,0.002,0.0104910599242448,0.0111307869652356,2014,0.868091777034042,2.70805020110221,1,0,1,0,0,3.09104245335832,2.28035117853315,0,1,8.82717213090162,0.027936127791701,0.0282204680964312,0,0,0,0,0,1,0,0,0,0,0,0.0391940461036323,0,0,1,0,1,4.56189490709655,1,0,4.00733318523247,0,0,0,1,0,0,1,2015-05-27
"North Korea","PRK",2015,0.00774816957676683,0.01,0.00562504382042403,0.00761946490987648,2014,0.222378537886043,2.30258509299405,1,0,0,0,0,4.20469261939097,1.04880884817015,0,0,10.1224415398705,0.0144365167390675,0.0223679027086246,1,0,0,0,0,0,0,0,0,0,0,0.0195050630762852,1,0,1,1,0,3.09104245335832,0,1,4.20469261939097,1,1,0,0,0,0,0,2015-05-27
"Jordan","JOR",2015,0.00762917515434677,0.001,0.00469291752914223,0.0171946079338981,2014,-0.220724862576485,3.17805383034795,1,0,1,0,0,3.25809653802148,1.76014846821721,0,0,8.77338459677665,0.0141902226457036,0.0185215524887176,0,0,1,0,0,1,0,0,0,0,4.02535169073515,0.0776795083337981,1,0,1,0,1,4.73430053098487,0,0,4.23410650459726,0,0,1,0,0,0,1,2015-05-27
"Indonesia","INS",2015,0.00762265312234825,0.005,0.0066298752437509,0.0112380841232938,2014,0.248960852181157,2.30258509299405,1,0,0,1,0,2.77258872223978,2.24157644469049,0,0,12.4286785763524,0.0179240015687111,0.0230839671240063,1,0,0,0,0,0,0,1,0,0,0.336472236621213,0.0434474817914686,1,1.09861228866811,0,0,0,3.90160808078218,0,0,4.18965474202643,0,0,0,1,0,0,0,2015-05-27
"Philippines","PHI",2015,0.00747081105214717,0.003,0.00308574522425109,0.0163266879321904,2014,-0.106125529094889,1.94591014905531,1,0,0,1,0,3.3322045101752,2.46898299449359,1.38629436111989,1,11.4967307760298,0.0122739634905655,0.0128867566686124,1,0,0,0,0,0,0,1,0,0,0,0.0314208286040615,1,3.04452243772342,0,0,1,4.0924637307889,0,0,4.76217393479776,0,1,0,0,0,1,0,2015-05-27
"Zambia","ZAM",2015,0.00746562610211046,0.002,0.00562439460881163,0.0147724836975197,2014,1.22271025310909,1.94591014905531,1,0,0,1,0,2.63905732961526,2.32774418494795,0,1,9.58456521163718,0.0322657446908675,0.0127727315086139,0,0,0,0,0,0,0,1,0,0,0,0.0506306944586827,0,0,0,0,1,4.40184158097,1,0,3.93182563272433,0,0,0,1,0,1,0,2015-05-27
"Burundi","BUI",2015,0.00746113422523753,0.003,0.00721608619078928,0.0121673164849233,2014,1.17379999766996,3.13549421592915,1,0,0,1,0,2.30258509299405,2.17637390770969,0,0,9.2264629026826,0.0331146781708699,0.0165368978286574,0,0,0,0,0,0,0,1,0,0,0,0.0439243336890222,1,0.693147180559945,0,0,0,3.72908942685166,1,0,3.97029191355212,0,0,1,0,0,0,0,2015-05-27
"Kazakhstan","KZK",2015,0.00708887667175708,0.007,0.00495997963854333,0.0093066503767279,2014,0.0968615908345577,3.09104245335832,1,0,0,0,0,3.17805383034795,2.07364373965477,0,1,9.74304147319928,0.0106395540109326,0.0240661344613665,0,0,0,1,0,0,0,0,0,0,3.2188758248682,0.0218928346255735,0,0,1,0,1,4.17354908579967,0,0,3.17805383034795,1,0,1,0,0,1,0,2015-05-27
"Gabon","GAB",2015,0.00691475860875362,0,0.00908010944342626,0.0116641663828346,2014,0.874491116304796,2.70805020110221,1,0,1,0,0,1.79175946922805,2.254928176447,0,0,7.42160293181495,0.0439574176151413,0.0175240443620102,0,0,0,0,0,0,1,0,0,0,0,0.0943557186333944,0,0,0,0,0,4.53856826115361,1,0,4.00733318523247,0,0,0,1,0,0,0,2015-05-27
"Tunisia","TUN",2015,0.00677969697360193,0.011,0.00319559398405691,0.00614349693674887,2014,0.167426571642815,2.77258872223978,1,0,0,1,0,0,1.51689366993553,0,1,9.29527876849237,0.0222808111493699,0.00884241939150426,0,0,1,0,0,0,0,1,0,0,0,0.0399642152332521,0,0,0,0,0,4.63617991282819,0,0,4.07753744390572,0,1,0,0,0,0,0,2015-05-27
"Malaysia","MAL",2015,0.00660856526889856,0.001,0.00638625580537302,0.0124394400013227,2014,-0.359628940407616,2.30258509299405,1,0,1,0,0,1.94591014905531,2.45384559520528,0,0,10.2994733738325,0.0186125361398072,0.0215711698277312,1,0,0,0,0,0,1,0,0,0,0,0.0663320695843403,0,0,0,0,1,5.03749088656524,0,0,4.06044301054642,0,0,1,0,0,1,0,2015-05-27
"Mozambique","MZM",2015,0.006584037174121,0.002,0.00775902412013714,0.00999308740222587,2014,1.30618792468239,1.94591014905531,1,0,0,1,0,3.04452243772342,2.71528617386404,0,0,10.1594371329936,0.0380905363458218,0.0162587145816292,0,0,0,0,0,0,0,1,0,0,0,0.0539923355635371,1,0,0,0,0,4.25598094305584,1,0,3.68887945411394,0,0,0,1,0,0,0,2015-05-27
"Bolivia","BOL",2015,0.00656783836089337,0,0.00259767099706342,0.0171058440856167,2014,0.677216730620236,1.6094379124341,1,0,0,1,0,3.49650756146648,2.32359321509267,0,1,9.27530380282683,0.0196157233565701,0.00768566460149243,0,0,0,0,1,0,1,0,0,0,0,0.0627315345688929,0,0,0,0,1,4.39919527563409,0,0,5.24702407216049,0,0,0,1,0,1,0,2015-05-27
"Eritrea","ERI",2015,0.0061845370041999,0.002,0.0107390427394619,0.0058145682731378,2014,0.672804004448575,1.79175946922805,1,1,0,0,0,3.09104245335832,1.30515944613411,0,0,8.75355065320064,0.0728976519401595,0.0148499218066663,0,0,0,0,0,0,0,0,0,0,0,0.0165113115803662,0,0,1,0,0,3.6251383401884,1,0,3.09104245335832,1,0,0,1,0,0,0,2015-05-27
"Kenya","KEN",2015,0.00599473859821591,0.003,0.00729178324748484,0.00769243254716288,2014,0.730179182876425,3.13549421592915,1,0,0,1,0,2.56494935746154,2.29663062875987,0,0,10.6999512086265,0.0226956898392129,0.0217655890569461,0,0,0,0,0,0,0,1,0,0,0,0.0310431840015529,0,0,0,0,0,3.92978495996904,1,0,3.95124371858143,0,0,0,1,0,0,0,2015-05-27
"Timor Leste","ETM",2015,0.00578412651296776,0.003,0.00189145862695045,0.0124609209119528,2014,0.681867901784534,2.30258509299405,1,0,0,1,0,2.56494935746154,2.56389186501316,0,0,7.07332819032641,0.0251191462198272,0.004557212821544,1,0,0,0,0,0,1,0,0,0,0,0.142075182119084,0,0,0,0,0,4.91773690175575,0,0,2.56494935746154,0,0,0,0,1,0,0,2015-05-27
"South Africa","SAF",2015,0.00570507144038815,0,0.00446704944192095,0.0126481648792435,2014,0.550947908861892,1.94591014905531,1,0,0,1,0,3.04452243772342,1.23484492823244,0,1,10.8810142957606,0.0194789889898438,0.0140648465894833,0,0,0,0,0,0,0,1,0,0,0,0.0299710902146417,1,0,0,0,1,4.16236667438203,1,0,4.65396035015752,0,0,0,1,0,1,0,2015-05-27
"Senegal","SEN",2015,0.00552294342376907,0.004,0.00520185642648663,0.00736697384482059,2014,0.9887003105424,2.70805020110221,1,0,0,1,0,2.70805020110221,2.13190000451315,0,1,9.55628757895991,0.0236698498852998,0.014535216608477,0,0,0,0,0,0,0,1,0,0,0,0.0394879877852515,0,0,0,0,0,4.29895168144262,1,0,4.00733318523247,0,0,0,1,0,0,0,2015-05-27
"Colombia","COL",2015,0.0054544369266301,0.002,0.00137173456567501,0.0129915762142153,2014,-0.266911933346133,0,1,0,0,1,0,4.06044301054642,2.1336590617186,1.6094379124341,1,10.7856299091727,0.014136035060397,0.00477098320238292,0,0,0,0,1,0,1,0,0,0,0,0.0347810642700032,1,3.55534806148941,0,0,0,3.63847417537936,0,0,5.27811465923052,0,0,1,0,0,0,0,2015-05-27
"Malawi","MAW",2015,0.00535948577588431,0,0.00409493658700406,0.0119835207406489,2014,0.895114742867555,1.94591014905531,1,0,0,1,0,3.04452243772342,2.38745390000407,0,1,9.70275150493857,0.0234892045125584,0.0112124809628854,0,0,0,0,0,0,1,0,0,0,0,0.102042296353608,1,0,0,0,0,4.70516268690297,1,0,3.93182563272433,0,0,0,1,0,0,0,2015-05-27
"Equatorial Guinea","EQG",2015,0.00528885023163102,0.001,0.00826167990453119,0.00660487079036187,2014,1.28807401153124,2.70805020110221,1,0,1,0,0,3.8286413964891,-1.76276963396318,0,1,6.62938174732192,0.0410341753379279,0.016552028168592,0,0,0,0,0,0,0,0,0,0,0,0.0248104424575974,1,0,1,0,1,5.05517889656986,1,0,3.85014760171006,0,0,1,0,0,0,1,2015-05-27
"Lebanon","LEB",2015,0.00514201682915976,0,0.000830927584029611,0.0145951229034497,2014,-0.899356168200112,3.17805383034795,1,0,0,1,0,2.30258509299405,1.41421336709787,0,0,8.40455962445849,0.00750991976790594,0.00426363164175954,0,0,1,0,0,0,1,0,0,0,2.39789527279837,0.0769675781495516,0,0,0,0,1,4.93226184827664,0,0,4.27666611901606,0,1,0,0,0,1,0,2015-05-27
"Morocco","MOR",2015,0.00513707850832611,0.001,0.00999701314598958,0.00441422237898874,2014,0.223194531374704,2.77258872223978,1,0,1,0,0,3.91202300542815,1.70950580259607,0,0,10.4045097796536,0.0187235299990354,0.035341385182914,0,0,1,0,0,0,0,0,0,0,0,0.0206974590814861,0,0,1,0,0,4.38835858168764,0,0,4.07753744390572,0,0,1,0,0,0,0,2015-05-27
"Tajikistan","TAJ",2015,0.00506704029209884,0,0.00936292031288225,0.00583820056341429,2014,0.579910257562653,3.09104245335832,1,0,1,0,0,2.83321334405622,2.55590753287025,0,1,9.0128443430345,0.0218609432187947,0.0294953091848141,0,0,0,1,0,1,0,0,0,0,0,0.0333447116601311,0,0,1,0,0,4.47176005442009,0,0,3.17805383034795,0,0,1,0,0,0,0,2015-05-27
"Benin","BEN",2015,0.00504500007723844,0.001,0.00476757707716899,0.00936742315454632,2014,1.06833439031292,2.70805020110221,1,0,0,1,0,3.17805383034795,2.33978225858855,0,1,9.24217561029607,0.0226752805170398,0.0135980761012765,0,0,0,0,0,0,0,1,0,0,0,0.0420167540119512,0,0,0,0,0,3.94686139224472,1,0,4.00733318523247,0,0,0,1,0,0,0,2015-05-27
"Azerbaijan","AZE",2015,0.00501849510210194,0.002,0.00529698567180367,0.00775849963450215,2014,0.3072447585379,3.17805383034795,1,0,0,0,0,2.99573227355399,1.67143911775621,0,1,9.15025071329145,0.0129499817865843,0.0225725956455763,0,1,0,0,0,0,0,0,0,0,0,0.0172194767188573,1,0,1,0,1,4.32537378116752,0,0,3.17805383034795,1,1,0,0,0,1,0,2015-05-27
"Sierra Leone","SIE",2015,0.00501604279165415,0.002,0.00546507539162301,0.00758305298333943,2014,1.31812959426677,2.70805020110221,1,0,0,1,0,2.56494935746154,2.45820267714565,0,1,8.71474402516711,0.0303343663918203,0.0129159713282167,0,0,0,0,0,0,0,1,0,0,0,0.0509901744047426,1,0,0,0,0,4.67779124752207,1,0,3.98898404656427,0,0,0,1,0,0,0,2015-05-27
"Liberia","LBR",2015,0.00490105473331867,0.002,0.00584746186379049,0.00685570233616552,2014,1.26056176385255,2.70805020110221,1,0,0,1,0,2.19722457733622,0.749531688995862,0,0,8.36499191027609,0.0419413522095643,0.0111088427610229,0,0,0,0,0,0,0,1,0,0,0,0.0487735503232232,1,0,0,0,0,4.80303630227765,1,0,5.12396397940326,0,0,0,1,0,0,0,2015-05-27
"Laos","LAO",2015,0.0048231640528323,0.001,0.00792270096676498,0.00554679119173193,2014,1.02245642927015,2.30258509299405,1,0,0,0,0,3.68887945411394,2.72139203503664,0,0,8.82021604013018,0.0260504488693943,0.0216813109918614,1,0,0,0,0,0,0,0,0,0,0,0.036711407047507,1,0,1,1,0,4.42324307964479,0,0,4.18965474202643,1,0,1,0,0,0,0,2015-05-27
"Djibouti","DJI",2015,0.00477326391950444,0.003,0.00622281137996412,0.0050969803785492,2014,0.939720447052502,2.77258872223978,1,0,1,0,0,2.77258872223978,2.44952940867698,0,1,6.77185766048052,0.0305998734982618,0.0148250179277511,0,0,0,0,0,0,0,1,0,0,0,0.037789427105247,0,0,0,0,0,4.89961301244529,1,0,3.63758615972639,0,0,0,1,0,0,0,2015-05-27
"Ecuador","ECU",2015,0.00462670829184411,0.001,0.00909820129870207,0.00378192357683026,2014,-0.0898192920778264,1.6094379124341,1,1,1,0,0,2.70805020110221,1.90875785240282,0,1,9.6638256971269,0.0513677703346837,0.015756835256018,0,0,0,0,1,0,0,1,0,0,0,0.0127414360370852,0,0,0,0,0,4.10787046579675,0,0,5.22035582507832,0,0,0,1,0,0,0,2015-05-27
"Guatemala","GUA",2015,0.00451140893291092,0.003,0.00222495490975433,0.00830927188897843,2014,0.181131282865579,2.19722457733622,1,0,0,1,0,2.94443897916644,2.00002254067183,0,1,9.6465417765097,0.0138579567270199,0.00825074442292214,0,0,0,0,1,0,0,1,0,0,0,0.0150093986638523,1,0,0,0,1,4.07142629937223,0,0,5.17048399503815,0,0,1,0,0,1,0,2015-05-27
"Saudi Arabia","SAU",2015,0.00410059219489665,0.001,0.00402345248435479,0.00727832410033517,2014,-0.296643853117732,3.17805383034795,1,0,0,0,0,4.48863636973214,1.89574658195618,0,0,10.2691325945816,0.00756627692485569,0.0242061548052481,0,0,1,0,0,0,0,0,0,0,2.77258872223978,0.0253236414171672,0,0,1,1,1,4.41188492647183,0,0,4.4188406077966,1,1,0,0,0,1,0,2015-05-27
"Armenia","ARM",2015,0.00409888664224216,0,0.00303974837970532,0.00925691154702114,2014,-0.339382406440641,3.17805383034795,1,0,1,0,0,2.83321334405622,1.85244902975253,0,1,7.99852556604155,0.0114021426293783,0.0133420383758903,0,1,0,0,0,0,1,0,0,0,0,0.0560453696982375,0,0,0,0,0,4.31797436348468,0,0,3.17805383034795,0,1,0,0,0,0,0,2015-05-27
"Comoros","COM",2015,0.00405103706953548,0.001,0.00178223455691593,0.0093708766516905,2014,1.20285058424246,0,1,0,0,1,0,2.19722457733622,1.82984530269755,0,0,6.59975756766624,0.0613065095023124,0.00229230324205643,0,0,0,0,0,0,0,1,0,0,0,0.0590533611190233,0,0,0,0,0,4.35968748866452,1,0,3.68887945411394,0,1,0,0,0,0,0,2015-05-27
"Mexico","MEX",2015,0.00403993442746607,0.006,0.00235908900965955,0.00376071427273867,2014,-0.444186328456749,1.38629436111989,1,0,0,1,0,2.89037175789616,1.4576551752905,1.38629436111989,1,11.7144972007373,0.0122193839945446,0.00960811478226918,0,0,0,0,1,0,0,1,0,0,0,0.00978083638413793,0,3.36729582998647,0,0,0,4.16137224229654,0,0,5.26785815906333,0,0,1,0,0,0,0,2015-05-27
"Vietnam","VIE",2015,0.00382509036206949,0.003,0.00633903259731595,0.00213623848889251,2014,-0.0323820548683114,2.30258509299405,1,0,0,0,0,4.11087386417331,2.44540385692968,0,0,11.4043252627459,0.0112725684448155,0.0303384012765139,1,0,0,0,0,0,0,0,0,0,0,0.0159158840288497,1,0,1,1,0,5.09782329188048,0,0,3.66356164612965,1,1,0,0,0,0,0,2015-05-27
"Bahrain","BAH",2015,0.00371879360039985,0.002,0.00157179514729793,0.00758458565390163,2014,-0.706232678467297,3.17805383034795,1,0,0,0,0,1.09861228866811,2.18065535340483,0,0,7.19456522123891,0.0105857105026965,0.00678184636971041,0,0,1,0,0,0,0,0,0,0,4.47733681447821,0.0272891402053861,0,0,1,0,1,4.80534527379528,0,0,3.78418963391826,1,0,1,0,0,0,1,2015-05-27
"Turkmenistan","TKM",2015,0.00360504712284221,0.001,0.00561635425841377,0.00419878711011286,2014,0.664706794193139,3.09104245335832,1,0,0,0,0,3.17805383034795,3.21282599721499,0,1,8.5640905176787,0.0151615446924798,0.0215803353404014,0,0,0,1,0,0,0,0,0,0,2.07944154167984,0.0262929212243832,0,0,1,0,0,4.76772507080398,0,0,3.17805383034795,1,0,1,0,0,0,0,2015-05-27
"Georgia","GRG",2015,0.00355567952988168,0.001,0.001278924386504,0.00838811420314104,2014,-0.162084182719734,3.17805383034795,1,0,0,1,0,3.17805383034795,2.17538982899956,0,1,8.40898417819413,0.00850341202340083,0.00629196019903927,0,1,0,0,0,0,0,1,0,0,0,0.0240671093555648,1,0,0,0,1,4.62820889271558,0,0,3.17805383034795,0,0,1,0,0,1,0,2015-05-27
"Guyana","GUY",2015,0.00352776756845128,0,0.00106597667118899,0.00951732603416483,2014,0.537040301914471,1.6094379124341,1,0,0,1,0,3.13549421592915,1.95663151193816,0,1,6.68412786062315,0.0193596028597914,0.00290166839335803,0,0,0,0,1,0,1,0,0,0,0,0.0563587578851645,0,0,0,0,1,5.3172833183935,0,0,3.89182029811063,0,0,1,0,0,1,0,2015-05-27
"Ghana","GHA",2015,0.00344223648537511,0,0.00474557373776127,0.00558113571836406,2014,0.674883007254312,2.70805020110221,1,0,0,1,0,2.63905732961526,2.03940463549809,0,1,10.1621757608888,0.0191745415510024,0.0152047835312632,0,0,0,0,0,0,0,1,0,0,0,0.0308743676106806,0,0,0,0,0,4.49310506884419,1,0,4.06044301054642,0,0,0,1,0,0,0,2015-05-27
"Brazil","BRA",2015,0.00343562582902096,0,0.00417305778744372,0.00613381969961915,2014,-0.0208636029058034,1.6094379124341,1,0,0,1,0,3.40119738166216,0.380404196403717,0,0,12.2078806351315,0.016419525884671,0.0146926481702492,0,0,0,0,1,0,0,1,0,0,0,0.0134658457757885,0,0,0,0,0,3.31749344287887,0,0,5.24702407216049,0,0,1,0,0,0,0,2015-05-27
"Uzbekistan","UZB",2015,0.00327069990209256,0,0.00531796125781202,0.00449413844846564,2014,0.0114055222414811,3.09104245335832,1,0,0,0,0,3.17805383034795,2.84606635252587,0,1,10.3170266448007,0.00956663958314992,0.0279952501604146,0,0,0,1,0,0,0,0,0,0,0,0.00954378498636286,0,0,1,1,1,4.08218094004695,0,0,3.17805383034795,1,0,1,0,0,1,0,2015-05-27
"Romania","RUM",2015,0.00322805822348497,0.001,0.00110655326501909,0.00757762140543581,2014,-0.657836137524074,2.19722457733622,1,0,0,1,0,2.94443897916644,1.70293000690163,0,1,9.9025550178608,0.00758928528407627,0.0058052973751759,0,1,0,0,0,0,0,1,0,0,0,0.0177198722925454,1,0,0,0,1,4.43705245696033,0,0,4.92725368515721,0,0,1,0,0,1,0,2015-05-27
"Lesotho","LES",2015,0.00321255581052836,0,0.00460105226731217,0.00503661516427291,2014,0.945282638587003,1.94591014905531,1,1,0,1,0,2.56494935746154,1.47496621653712,0,1,7.63745856809529,0.0760141803951138,0.00562940580464543,0,0,0,0,0,0,0,1,0,0,0,0.0408293139078383,0,0,0,0,0,5.01473438241892,1,0,3.89182029811063,0,1,0,0,0,0,0,2015-05-27
"Swaziland","SWA",2015,0.00310580555321925,0.001,0.00459289375516387,0.00372452290449389,2014,1.02776051119981,1.94591014905531,1,0,0,0,0,3.73766961828337,1.3049988345255,0,0,7.13050995469403,0.0298764126929146,0.0107671588546374,0,0,0,0,0,0,0,0,0,0,0,0.0216088059114361,0,0,1,0,0,4.74173549180448,1,0,3.85014760171006,1,1,0,0,0,0,0,2015-05-27
"Bosnia and Herzegovina","BOS",2015,0.00306095029896076,0.001,0.00159043845217985,0.00659241244470241,2014,-1.21156378270469,2.19722457733622,1,0,0,0,1,0,0.89347700151027,0,1,8.2504391258553,0.010646324687423,0.00684341212184731,0,1,0,0,0,0,0,0,0,1,0,0.0145233155848694,1,0,0,0,1,4.44292990747082,0,0,3.13549421592915,0,0,0,1,0,1,0,2015-05-27
"Namibia","NAM",2015,0.00265101437165644,0,0.00207527065629829,0.00587777245867103,2014,0.844489945338078,1.94591014905531,1,0,0,1,0,3.2188758248682,2.30252779175183,0,1,7.74210466858291,0.0220030218456821,0.00553653852758268,0,0,0,0,0,0,0,1,0,0,0,0.0377397988995614,0,0,0,0,0,4.64510969847685,1,0,3.2188758248682,0,0,0,1,0,0,0,2015-05-27
"Dominican Republic","DOM",2015,0.00263304269296118,0,0.00161779364590357,0.00628133443297996,2014,0.000764428649956109,2.19722457733622,1,0,0,1,0,2.94443897916644,2.70185231887756,0,1,9.24992265437081,0.0116692169085354,0.00654177668461459,0,0,0,0,1,0,0,1,0,0,2.39789527279837,0.0228790147724333,1,0,0,0,0,4.03890514195886,0,0,5.01063529409626,0,0,1,0,0,0,0,2015-05-27
"Croatia","CRO",2015,0.00253272879831223,0,0.000452420558113613,0.00714576583682308,2014,-1.20643994588505,2.19722457733622,1,0,0,1,0,2.70805020110221,-0.632498431647129,0,1,8.35601453981523,0.00603503127394291,0.0025398053766824,0,1,0,0,0,0,0,1,0,0,1.94591014905531,0.0181024870140556,0,0,0,0,1,4.4476287852862,0,0,3.17805383034795,0,0,1,0,0,1,0,2015-05-27
"Moldova","MLD",2015,0.00241476690293695,0,0.000771779133020785,0.00647252157579007,2014,-0.416744386833009,2.19722457733622,1,0,0,1,0,3.17805383034795,2.1440535953602,0,1,8.17711293370798,0.00845782834439002,0.00361787765085695,0,1,0,0,0,0,0,1,0,0,0,0.0214722804561116,0,0,0,0,1,4.83083070425379,0,0,3.17805383034795,0,0,1,0,0,1,0,2015-05-27
"Peru","PER",2015,0.00238672358972208,0,0.00224261690018313,0.00491755386898311,2014,0.0298829517382541,1.6094379124341,1,0,0,1,0,2.63905732961526,1.53318077428848,0,1,10.3213950322977,0.0150330886105206,0.00786436522718531,0,0,0,0,1,0,0,1,0,0,0,0.0140247673700024,1,0,0,0,0,3.87875840104786,0,0,4.91265488573605,0,0,0,1,0,0,0,2015-05-27
"Belgium","BEL",2015,0.00210358307678699,0,0.000346883349627396,0.00596386588073357,2014,-1.54598333308047,2.19722457733622,1,0,0,1,0,4.26267987704132,1.02107022135464,0,1,9.32213368277018,0.00316169351985809,0.00297296343794667,0,1,0,0,0,0,1,0,0,0,0,0.0237955841522012,0,0,0,0,1,5.10097322477208,0,0,5.22035582507832,0,0,1,0,0,1,0,2015-05-27
"Serbia","SRB",2015,0.00190746250059955,0,0.000609405376196462,0.00511298212560219,2014,-1.1582178022393,2.19722457733622,1,0,0,1,0,2.19722457733622,-1.34639706942602,0,1,8.87684218847149,0.00718667062630579,0.00312318224954669,0,1,0,0,0,0,0,1,0,0,0,0.0118701879000031,0,0,0,0,1,4.52928161505517,0,0,2.19722457733622,0,0,0,0,1,1,0,2015-05-27
"Fiji","FJI",2015,0.001874511763279,0,0.00131356723809108,0.00430996805174591,2014,-0.653906859329673,0,1,0,1,0,0,0,2.0225140706323,0,0,6.78113140301027,0.033816362074072,0.00247739943945421,1,0,0,0,0,1,0,0,0,0,0,0.0264855935572978,0,1.38629436111989,0,0,0,4.91538214246152,0,0,3.80666248977032,0,0,1,0,0,0,0,2015-05-27
"Solomon Islands","SOL",2015,0.00186878505610658,0,0.000444975427332924,0.00516137974098681,2014,-0.193136906044084,0,1,0,0,1,0,2.39789527279837,1.22777289890596,0,0,6.33013258547676,0.0224441168632817,0.000998930248110982,1,0,0,0,0,0,0,1,0,0,0,0.0348870424913834,0,0,0,0,0,4.78026305982504,0,0,3.61091791264422,0,1,0,0,0,0,0,2015-05-27
"Argentina","ARG",2015,0.00186616196996106,0,0.0011843549029206,0.00441413100696258,2014,-0.677717508160089,1.6094379124341,1,0,0,1,0,3.46573590279973,0.685169783335044,0,1,10.6321525895139,0.00798046988765175,0.00604193584922252,0,0,0,0,1,0,0,1,0,0,0,0.00794071119748164,1,0,0,0,0,3.37923764462317,0,0,5.29330482472449,0,1,0,0,0,0,0,2015-05-27
"Albania","ALB",2015,0.00184434581816326,0,0.000782335053744543,0.00475070240074524,2014,-0.396835612986462,2.19722457733622,1,0,0,1,0,2.89037175789616,1.44996454931498,0,1,7.97155732738004,0.009433190494935,0.00340364697066876,0,1,0,0,0,0,0,1,0,0,0,0.0218148282539608,1,0,0,0,0,4.47662244494218,0,0,4.63472898822964,0,1,0,0,0,0,0,2015-05-27
"Honduras","HON",2015,0.00181988761192427,0.001,0.0013824632258416,0.00307719960993122,2014,-0.0467021086604406,2.19722457733622,1,0,0,1,0,3.49650756146648,1.75657563030688,0,1,8.99933386781827,0.0106816631211085,0.00584927707002213,0,0,0,0,1,0,0,1,0,0,1.09861228866811,0.0162204378667078,0,0,0,0,0,4.76628776973482,0,0,5.17614973257383,0,1,0,0,0,0,0,2015-05-27
"Bulgaria","BUL",2015,0.0017061051761528,0,0.00114537905227003,0.00397293647618836,2014,-0.262925217112011,2.19722457733622,1,0,0,1,0,3.2188758248682,1.30585995608553,0,1,8.89083940519775,0.00985308161918937,0.00502781940779022,0,1,0,0,0,0,0,1,0,0,0,0.0242616459973296,1,0,0,0,0,4.9226465151585,0,0,4.91998092582813,0,0,1,0,0,0,0,2015-05-27
"Cyprus","CYP",2015,0.00166958370268509,0.002,0.000470973037858734,0.00253777807019655,2014,-0.83153357186941,3.17805383034795,1,0,0,1,0,3.71357206670431,-1.5011610286787,0,1,7.03980582569538,0.00574304969260519,0.00274817099629862,0,1,0,0,0,0,0,0,1,0,0,0.00551170934252769,0,0,0,1,1,4.46213320429992,0,0,4.00733318523247,0,1,0,0,0,1,0,2015-05-27
"Oman","OMA",2015,0.00166081507060217,0,0.00215854857824802,0.00282389663355849,2014,-0.337237250029364,3.17805383034795,1,0,0,0,0,4.06044301054642,1.71644928087311,0,0,8.1976609789457,0.00805657346691997,0.0116420309106499,0,0,1,0,0,0,0,0,0,0,0,0.0127486098646799,0,0,1,0,0,4.59081486170345,0,0,5.89989735358249,1,0,1,0,0,0,0,2015-05-27
"El Salvador","SAL",2015,0.00162762592378299,0,0.00128713163639749,0.00359574613495147,2014,-0.0617723615803024,2.19722457733622,1,0,0,1,0,3.43398720448515,1.41347756775527,0,1,8.75470565370029,0.0108988888951305,0.00533055219977686,0,0,0,0,1,0,0,1,0,0,0,0.0123541602470336,1,0,0,0,0,4.27948171200619,0,0,5.15905529921453,0,1,0,0,0,0,0,2015-05-27
"Nicaragua","NIC",2015,0.00156470654400629,0,0.0013956085146186,0.00329851111740028,2014,0.0372776120352217,2.19722457733622,1,0,0,1,0,3.2188758248682,2.13040395129076,0,1,8.712838590291,0.0117396434567623,0.00553437212687503,0,0,0,0,1,0,0,1,0,0,0,0.0133757428893151,1,0,0,0,0,4.52878189751489,0,0,5.17614973257383,0,0,1,0,0,0,0,2015-05-27
"Paraguay","PAR",2015,0.00150987008066334,0,0.00132591066412212,0.00320369957786789,2014,0.0562516670303962,1.6094379124341,1,0,0,1,0,3.13549421592915,2.09472407872158,0,1,8.82501533422388,0.0135043173642909,0.0047441177149164,0,0,0,0,1,0,0,1,0,0,0,0.0143241589476895,0,0,0,0,0,4.54394223918174,0,0,5.31811999384422,0,1,0,0,0,0,0,2015-05-27
"Jamaica","JAM",2015,0.00144586305651772,0.001,0.000709243941514033,0.00262834522803913,2014,-0.359628940407616,2.19722457733622,1,0,0,1,0,4.02535169073515,0.723597332503092,0,1,7.90644925335094,0.00811196680617717,0.00339324539593599,0,0,0,0,1,0,0,1,0,0,0,0.00972425554002865,0,0,0,0,0,4.42376667851812,0,0,3.97029191355212,0,0,1,0,0,0,0,2015-05-27
"Mongolia","MON",2015,0.00141093125488241,0,0.00124830516723107,0.00298448859741616,2014,0.165700200883686,2.30258509299405,1,0,0,1,0,3.13549421592915,2.7971235504458,0,1,7.95123286942171,0.0123905546435945,0.00471294284736006,1,0,0,0,0,0,0,0,1,0,0,0.0149333530267066,0,0,0,0,0,4.72000383806537,0,0,4.64439089914137,0,0,1,0,0,0,0,2015-05-27
"United Arab Emirates","UAE",2015,0.00137766310216883,0,0.00235923091212231,0.00177375839438416,2014,-0.585698609288347,3.17805383034795,1,0,0,0,0,3.78418963391826,1.89879956795672,0,0,9.14271752586146,0.00699970236968248,0.0141647172127622,0,0,1,0,0,0,0,0,0,0,0,0.0104422889350542,0,0,1,0,0,5.17086405552054,0,0,3.78418963391826,1,0,0,1,0,0,0,2015-05-27
"Trinidad and Tobago","TRI",2015,0.00135199751904431,0,0.000882024767004219,0.00317396779012871,2014,0.235355200132854,1.6094379124341,1,0,0,1,0,3.97029191355212,1.04360225478372,0,1,7.20128347947791,0.0139147662771485,0.00296348817657939,0,0,0,0,1,0,0,0,1,0,0,0.00646620504255839,0,0,0,0,1,4.63621092402969,0,0,3.97029191355212,0,0,0,1,0,1,0,2015-05-27
"Montenegro","MNE",2015,0.00120779011572486,0,0.000365482638612402,0.00325788770856217,2014,-0.791367530203757,2.19722457733622,1,0,0,1,0,2.19722457733622,1.06558611413652,0,1,6.43194763900506,0.00823296009219373,0.00161691933389759,0,1,0,0,0,0,0,1,0,0,0,0.0159268611134001,0,0,0,0,0,4.64308777543518,0,0,2.19722457733622,0,0,0,0,1,0,0,2015-05-27
"Panama","PAN",2015,0.00113006395190518,0.002,0.000419780076466262,0.000970411779249274,2014,-0.606050838146646,0,1,0,0,1,0,3.25809653802148,2.49017413485959,0,1,8.25950219022383,0.0106512573096531,0.00157433894436216,0,0,0,0,1,0,0,0,1,0,0,0.00379455676115213,0,0,0,0,0,5.0418344551327,0,0,4.71849887129509,0,0,1,0,0,0,0,2015-05-27
"Kuwait","KUW",2015,0.00107444777636123,0,0.00121614448657389,0.0020071988425098,2014,-0.960059113775486,3.17805383034795,1,0,0,0,0,3.93182563272433,1.14005583727858,0,0,8.12224419467132,0.0053798491731304,0.00818757364237848,0,0,1,0,0,0,0,0,0,0,0,0.00772462231240482,0,0,1,0,0,4.58606483231625,0,0,3.98898404656427,1,0,0,1,0,0,0,2015-05-27
"United Kingdom","UKG",2015,0.00107372573805471,0.001,0.000658639410309073,0.00156253780385506,2014,-1.48564020302504,2.19722457733622,1,0,0,1,0,4.90527477843843,1.59778147762966,0,0,11.0683053939472,0.00348565329474041,0.00563228453159178,0,1,0,0,0,0,0,0,1,0,0,0.00355205842796009,0,0,0,0,0,4.11995664162524,0,0,6.17170059741091,0,1,0,0,0,0,0,2015-05-27
"Latvia","LAT",2015,0.00107006448492097,0,0.000413940141785491,0.00279625331297741,2014,-0.908166797819185,2.19722457733622,1,0,0,1,0,3.17805383034795,1.53646713303593,0,1,7.60720605010343,0.00608365588236983,0.00228988618397294,0,1,0,0,0,0,0,1,0,0,0,0.0145057161765091,0,0,0,0,0,4.80000835229855,0,0,3.17805383034795,0,0,1,0,0,0,0,2015-05-27
"Macedonia","MAC",2015,0.0010584501422276,0,0.00044568899914959,0.00272966142753322,2014,-0.909431820081198,2.19722457733622,1,0,0,1,0,2.56494935746154,1.94101985036213,0,1,7.65309539912751,0.00668973847117598,0.00232523697603912,0,1,0,0,0,0,0,1,0,0,0,0.0144910291263461,0,0,0,0,0,4.8414297801797,0,0,3.17805383034795,0,0,1,0,0,0,0,2015-05-27
"Israel","ISR",2015,0.00103628302624651,0,0.000406039654103511,0.00270280942463602,2014,-1.68982055375353,3.09104245335832,1,0,0,1,0,4.20469261939097,1.65952611729224,1.09861228866811,0,8.99460679883699,0.00325195487015303,0.00346784644017851,0,0,1,0,0,0,0,0,1,0,0,0.00344891243913467,0,3.55534806148941,0,1,1,4.1662902909563,0,0,4.20469261939097,0,0,1,0,0,1,0,2015-05-27
"South Korea","ROK",2015,0.000996588701288822,0,0.000587137674585057,0.00240262842928141,2014,-1.60765515399269,2.30258509299405,1,0,0,1,0,3.29583686600433,1.82092241132622,0,1,10.8241620416903,0.00341552023067584,0.00503272226689058,1,0,0,0,0,0,0,1,0,0,0,0.00918230924670975,1,0,0,0,0,4.63265209253245,0,0,4.20469261939097,0,1,0,0,0,0,0,2015-05-27
"Botswana","BOT",2015,0.000939228063331751,0,0.000473095593381614,0.00234458859661364,2014,-0.737714816662039,1.94591014905531,1,0,0,1,0,3.89182029811063,2.22301615849714,0,0,7.61141896672085,0.00746971931505628,0.00229974069361943,0,0,0,0,0,0,0,1,0,0,0,0.0107268661270443,0,0,0,0,0,4.74508088430871,1,0,3.89182029811063,0,0,1,0,0,0,0,2015-05-27
"Qatar","QAT",2015,0.000911269795221113,0,0.000886748607057745,0.00184706077860559,2014,-1.11687646197374,3.17805383034795,1,0,0,0,0,3.78418963391826,2.47796629707966,0,0,7.68187073874211,0.0045707405749331,0.00647336217838537,0,0,1,0,0,0,0,0,0,0,0,0.00680673618807067,0,0,1,0,0,4.57940129982243,0,0,3.78418963391826,1,0,0,1,0,0,0,2015-05-27
"Australia","AUL",2015,0.000905461208503875,0,0.000276027786050551,0.00244035583946108,2014,-1.48789499577513,0,1,0,0,1,0,4.7361984483945,1.64603798103783,0,1,10.0488554910408,0.00436958890053335,0.00184471947655858,1,0,0,0,0,0,0,0,1,0,0,0.0048638875268779,0,0,0,0,0,3.71346776147041,0,0,4.7361984483945,0,1,0,0,0,0,0,2015-05-27
"Poland","POL",2015,0.000814627178334634,0,0.00082478976305899,0.00161909177194491,2014,-1.1533594929411,2.19722457733622,1,0,0,1,0,3.17805383034795,1.81704880702591,0,1,10.5587895274984,0.00499328768364287,0.00561938552288165,0,1,0,0,0,0,0,0,1,0,0,0.00464795629144012,1,0,0,0,0,4.5034665861269,0,0,4.57471097850338,0,1,0,0,0,0,0,2015-05-27
"Canada","CAN",2015,0.000802456885588678,0.001,0.000508676528945834,0.000898694127820201,2014,-1.42660667180102,2.19722457733622,1,0,0,1,0,4.84418708645859,1.59115304979621,0,1,10.4675016252493,0.00298844234503624,0.00471545093552391,0,0,0,0,1,0,0,0,1,0,0,0.00159515991547567,0,0,0,0,0,4.12471880259873,0,0,4.99721227376411,0,0,0,1,0,0,0,2015-05-27
"United States","USA",2015,0.000786038608830397,0,0.000933843910217418,0.00142427191627377,2014,-1.42660667180102,1.38629436111989,1,0,0,1,0,5.32787616878958,1.54565247282348,0,0,12.6639051278289,0.00391117931675069,0.00763938322081087,0,0,0,0,1,0,0,0,1,0,0,0.0017184418102172,0,0,0,0,0,3.40162866330071,0,0,5.44673737166631,0,0,1,0,0,0,0,2015-05-27
"Greece","GRC",2015,0.000780164282648747,0,0.000422845926346273,0.00191764692159997,2014,-1.41185403301757,2.19722457733622,1,0,0,1,0,3.68887945411394,0.879853773454313,0,1,9.30815187540609,0.00393548152761188,0.00317516951206627,0,1,0,0,0,0,0,0,1,0,1.09861228866811,0.00490414923202143,0,0,0,0,0,4.14977771684783,0,0,5.20948615284142,0,1,0,0,0,0,0,2015-05-27
"Singapore","SIN",2015,0.000751246965058268,0,0.000621068803345668,0.00163267209182914,2014,-2.04807527718375,2.30258509299405,1,0,1,0,0,3.91202300542815,1.7083294405226,0,0,8.5940060734292,0.00381788335439602,0.00495470737178239,1,0,0,0,0,1,0,0,0,0,0,0.0070412863265015,0,0,1,0,1,5.88061707682354,0,0,3.91202300542815,0,0,1,0,0,1,0,2015-05-27
"France","FRN",2015,0.000743899134797714,0,0.000495789257525082,0.00173590814686806,2014,-1.83207177990919,2.19722457733622,1,0,0,1,0,3.8286413964891,0.601148156506736,0,1,11.0964984844732,0.00284764241216965,0.00474062150616731,0,1,0,0,0,0,0,0,1,0,1.6094379124341,0.00394450095807702,0,0,0,0,0,4.06127430536488,0,0,7.06646697013696,0,1,0,0,0,0,0,2015-05-27
"New Zealand","NEW",2015,0.000740144441476619,0,0.000164557194151759,0.0020558761302781,2014,-1.45241455569701,0,1,0,0,1,0,4.92725368515721,1.79971809921893,0,1,8.39888251658278,0.00428574360098529,0.00105730429397871,1,0,0,0,0,0,0,0,1,0,0,0.00500544360603497,0,0,0,0,0,4.05154046120476,0,0,4.68213122712422,0,0,1,0,0,0,0,2015-05-27
"Belarus","BLR",2015,0.00069674780162632,0,0.00068999155832065,0.00140025184655831,2014,-1.68431089813608,2.19722457733622,1,0,0,0,0,2.94443897916644,1.26008000516957,0,1,9.15546171046619,0.00367679092446948,0.00571222954029954,0,1,0,0,0,0,0,0,0,0,1.62924053973028,0.0055910402812678,0,0,1,0,0,4.82990496291768,0,0,3.17805383034795,1,0,1,0,0,0,0,2015-05-27
"Cuba","CUB",2015,0.000690581088380378,0,0.000919451233029885,0.00115229203211125,2014,-1.42873207103891,2.19722457733622,1,0,0,0,0,3.98898404656427,1.6463108609538,0,0,9.32951168796976,0.00438067933934644,0.00693944868120671,0,0,0,0,1,0,0,0,0,0,0,0.0019947532484461,1,0,1,1,0,3.66601970346495,0,0,4.99043258677874,1,0,1,0,0,0,0,2015-05-27
"Japan","JPN",2015,0.000673601357240272,0,0.000488380323965396,0.00153242374775542,2014,-2.22017260009629,2.30258509299405,1,0,0,1,0,4.14313472639153,-0.24338906093176,0,0,11.7546051242364,0.00254753710717691,0.00503864881279305,1,0,0,0,0,0,0,0,1,0,0,0.00217663407923595,0,0,0,0,0,3.55941014319967,0,0,7.2115567333138,0,1,0,0,0,0,0,2015-05-27
"Uruguay","URU",2015,0.000652490274154532,0,0.000472324615375167,0.00148514620708843,2014,-0.782408903534401,1.6094379124341,1,0,0,1,0,3.40119738166216,1.82115239125801,0,1,8.13360561532339,0.00701644736389618,0.00239792017614297,0,0,0,0,1,0,0,0,1,0,0,0.00283837412430114,0,0,0,0,0,3.93726356565393,0,0,5.24702407216049,0,1,0,0,0,0,0,2015-05-27
"Italy","ITA",2015,0.000640733662898666,0,0.000505645906550619,0.00141655508214538,2014,-1.77934639045925,2.19722457733622,1,0,0,1,0,4.20469261939097,-0.646094482769993,0,1,11.0059913926194,0.00295350460472734,0.00472301543515359,0,1,0,0,0,0,0,0,1,0,0,0.00280001673217472,0,0,0,0,0,4.00430050451051,0,0,5.03695260241363,0,1,0,0,0,0,0,2015-05-27
"Chile","CHL",2015,0.000619528764279426,0,0.000651147047392959,0.00120743924544532,2014,-1.02753136156739,1.6094379124341,1,0,0,1,0,3.25809653802148,1.35508687051274,0,1,9.77677332727567,0.00617587983161806,0.00373401285733223,0,0,0,0,1,0,0,0,1,0,0,0.00232696630690036,1,0,0,0,0,4.18142240722313,0,0,5.28320372873799,0,1,0,0,0,0,0,2015-05-27
"Spain","SPN",2015,0.000609087865005722,0,0.000472753020407722,0.00135451057460945,2014,-1.77332227547682,2.19722457733622,1,0,0,1,0,3.61091791264422,1.17860602240737,0,1,10.7497382577048,0.00300374106093281,0.00433422230267151,0,1,0,0,0,0,0,0,1,0,0,0.00281371776754597,0,0,0,0,0,4.08937663105309,0,0,6.25958146406492,0,0,1,0,0,0,0,2015-05-27
"Switzerland","SWZ",2015,0.000596977343514832,0,0.000285018159224944,0.00150591387131955,2014,-1.65988634592241,2.19722457733622,1,0,0,1,0,5.11799381241676,1.41156511585038,0,0,8.99812130558582,0.00296956849410744,0.00250101130872543,0,1,0,0,0,0,0,0,1,0,2.99573227355399,0.0063149976764325,0,0,0,0,0,4.8841860307398,0,0,6.58479139238572,0,0,1,0,0,0,0,2015-05-27
"Portugal","POR",2015,0.000589789357369662,0,0.0003912935309709,0.00137807454113809,2014,-1.47667153335784,2.19722457733622,1,0,0,1,0,3.66356164612965,0.950198687897099,0,1,9.25505509996858,0.00375414276404054,0.00301237246337325,0,1,0,0,0,0,0,0,1,0,0,0.00357794620493468,0,0,0,0,0,4.35079235826622,0,0,6.77078942390898,0,1,0,0,0,0,0,2015-05-27
"Estonia","EST",2015,0.000584254955381713,0,0.000196457729452784,0.00155630713669235,2014,-1.61788542188425,2.19722457733622,1,0,0,1,0,2.70805020110221,1.44367391309859,0,1,7.18386843888384,0.00395740964220039,0.00135870028531711,0,1,0,0,0,0,0,1,0,0,0,0.00820074802367577,0,0,0,0,0,5.14343340230101,0,0,3.17805383034795,0,0,1,0,0,0,0,2015-05-27
"Germany","GER",2015,0.000579991349084574,0,0.000609411025812046,0.00113056302144167,2014,-1.73502599059362,2.19722457733622,1,0,0,1,0,3.2188758248682,1.26772691442396,0,1,11.2978973070903,0.00331811084540537,0.0053503876252444,0,1,0,0,0,0,0,0,1,0,0,0.00290239445864972,0,0,0,0,0,4.44639039735117,0,0,3.2188758248682,0,1,0,0,0,0,0,2015-05-27
"Mauritius","MAS",2015,0.000573603266879846,0,0.000277929325159198,0.00144288047548034,2014,-0.616384420006038,0,1,0,0,1,0,3.85014760171006,1.80119753548021,0,1,7.13779738048749,0.00980117534894764,0.00105887681860452,0,0,0,0,0,0,0,0,1,0,0,0.00551074159674723,0,0,0,0,0,4.79426416060221,1,0,3.85014760171006,0,0,1,0,0,0,0,2015-05-27
"Costa Rica","COS",2015,0.000547887666597267,0,0.000499460461905942,0.00114420253788586,2014,-0.812971553979254,2.19722457733622,1,0,0,1,0,4.56434819146784,1.87082966421572,0,1,8.49129388105888,0.00489808290695263,0.00327570588471648,0,0,0,0,1,0,0,0,1,0,0,0.00262364281928003,0,0,0,0,0,4.3025433032656,0,0,5.26785815906333,0,1,0,0,0,0,0,2015-05-27
"Czech Republic","CZR",2015,0.000535633078297039,0,0.000249595504100403,0.00135730373079072,2014,-2.00931073356842,2.19722457733622,1,0,0,1,0,3.09104245335832,1.42259498232133,0,1,9.26048885131298,0.0027502257677319,0.00227928673595027,0,1,0,0,0,0,0,1,0,0,0,0.00597989084122815,0,0,0,0,0,5.00156351784594,0,0,3.09104245335832,0,0,1,0,0,0,0,2015-05-27
"Hungary","HUN",2015,0.000486137675320715,0,0.000442881810528237,0.00101553121543391,2014,-1.34901674918101,2.19722457733622,1,0,0,1,0,3.2188758248682,1.90668548433766,0,1,9.19967358352856,0.00426306589228962,0.00316042393268866,0,1,0,0,0,0,0,0,1,0,0,0.0039674603664716,1,0,0,0,0,5.13537850516118,0,0,5.11198778835654,0,1,0,0,0,0,0,2015-05-27
"Lithuania","LIT",2015,0.000483399146573083,0,0.000357645782621648,0.0010925516570976,2014,-1.18453511027646,2.19722457733622,1,0,0,1,0,3.17805383034795,1.71129448960659,0,1,7.99216349913613,0.00490829894698856,0.002263449689625,0,1,0,0,0,0,0,0,1,0,0,0.00453221857262646,0,0,0,0,0,5.04821329189233,0,0,3.17805383034795,0,0,1,0,0,0,0,2015-05-27
"Austria","AUS",2015,0.0004820764473202,0,0.000322514885098585,0.00112371445686202,2014,-1.55077950517476,2.19722457733622,1,0,0,1,0,4.23410650459726,0.583230863757544,0,1,9.0454448559266,0.00324715325695708,0.00269309148518802,0,1,0,0,0,0,0,0,1,0,0,0.00336955364126172,0,0,0,0,0,4.63842574323093,0,0,4.57471097850338,0,1,0,0,0,0,0,2015-05-27
"Finland","FIN",2015,0.000470564491317159,0,0.000235727195454699,0.00117596627849678,2014,-1.76435360580962,2.19722457733622,1,0,0,1,0,4.26267987704132,-0.337791757590594,0,1,8.60134535140456,0.00290224703204313,0.00206138349032025,0,1,0,0,0,0,0,0,1,0,0,0.00283423974551503,0,0,0,0,0,4.347959969466,0,0,4.57471097850338,0,1,0,0,0,0,0,2015-05-27
"Denmark","DEN",2015,0.00046429517405294,0,0.000274700487369918,0.0011181850347889,2014,-1.56530760617699,2.19722457733622,1,0,0,1,0,4.24849524204936,0.994788219975426,0,1,8.63318475668069,0.00312985588394017,0.00231506091549716,0,1,0,0,0,0,0,0,1,0,0,0.00333014136897058,0,0,0,0,0,4.63284774549036,0,0,6.95654544315157,0,1,0,0,0,0,0,2015-05-27
"Slovakia","SLO",2015,0.000445035708990355,0,0.000394760817697996,0.000940346309273068,2014,-1.29919801870659,2.19722457733622,1,0,0,1,0,3.09104245335832,1.5523556121138,0,1,8.5966313471543,0.00462599564446334,0.00263002748301516,0,1,0,0,0,0,0,0,1,0,0,0.00413068566167917,0,0,0,0,0,5.2005330972974,0,0,3.09104245335832,0,1,0,0,0,0,0,2015-05-27
"Norway","NOR",2015,0.000412903657327639,0,0.000162302574400629,0.00107640839758229,2014,-2.06803601983382,2.19722457733622,1,0,0,1,0,4.24849524204936,1.49492210349182,0,1,8.533099217204,0.00209397313470171,0.00171497573475895,0,1,0,0,0,0,0,0,1,0,0,0.00221583878587893,0,0,0,0,0,4.20522889310725,0,0,4.70048036579242,0,1,0,0,0,0,0,2015-05-27
"Sweden","SWD",2015,0.000393662498324553,0,0.000199417964322501,0.000981569530651156,2014,-2.02078313432619,2.19722457733622,1,0,0,1,0,4.58496747867057,1.46148485003624,0,1,9.16955785584331,0.00203541595151596,0.00219489093089608,0,1,0,0,0,0,0,0,1,0,0,0.00230237334402679,0,0,0,0,0,4.41469662365786,0,0,6.19847871649231,0,1,0,0,0,0,0,2015-05-27
"Netherlands","NTH",2015,0.000393266879239864,0,0.000349507769285705,0.000830292868433889,2014,-1.67883143202693,2.19722457733622,1,0,0,1,0,4.24849524204936,0.935368116312348,0,1,9.72939794012355,0.00288632920770848,0.00319420377959517,0,1,0,0,0,0,0,0,1,0,0,0.00303758378890403,0,0,0,0,0,5.04697449314632,0,0,6.10255859461357,0,1,0,0,0,0,0,2015-05-27
"Slovenia","SLV",2015,0.000379564977381003,0,0.000219983322000027,0.00091871161014298,2014,-1.58004988788103,2.19722457733622,1,0,0,1,0,3.17805383034795,1.62354139881375,0,1,7.63043844598937,0.00367796071822203,0.00161963106032912,0,1,0,0,0,0,0,0,1,0,0,0.00329061771113308,0,0,0,0,0,4.9654411445113,0,0,3.17805383034795,0,1,0,0,0,0,0,2015-05-27
"Ireland","IRE",2015,0.00032309802043159,0,0.000218480813324317,0.000750813247970454,2014,-1.6572089682459,2.19722457733622,1,0,0,1,0,4.54329478227,2.18671369759247,0,1,8.43328057195083,0.00258108681052241,0.00205715007770245,0,1,0,0,0,0,0,0,1,0,0,0.00309125847276382,0,0,0,0,0,5.24595951622811,0,0,4.53259949315326,0,1,0,0,0,0,0,2015-05-27
